Date,Source,MinTemp,MaxTemp,Delta
2019-12-09,Hobo-Tmp-1,15.53,16,0.47000000000000064
2019-12-09,Hobo-Tmp-2,14.19,15.58,1.3900000000000006
2019-12-09,Mean.Temp,15.02,15.67,0.6500000000000004
2019-12-10,Hobo-Tmp-1,15.64,15.93,0.28999999999999915
2019-12-10,Hobo-Tmp-2,13.92,15.7,1.7799999999999994
2019-12-10,Mean.Temp,14.85,15.81,0.9600000000000009
2019-12-11,Hobo-Tmp-1,14.96,16.08,1.1199999999999974
2019-12-11,Hobo-Tmp-2,13.38,15.69,2.3099999999999987
2019-12-11,Mean.Temp,14.23,15.84,1.6099999999999994
2019-12-12,Hobo-Tmp-1,15.28,16.24,0.9599999999999991
2019-12-12,Hobo-Tmp-2,14.27,16.97,2.6999999999999993
2019-12-12,Mean.Temp,14.8,16.6,1.8000000000000007
2019-12-13,Hobo-Tmp-1,15.94,16.29,0.34999999999999964
2019-12-13,Hobo-Tmp-2,14.77,16.76,1.990000000000002
2019-12-13,Mean.Temp,15.38,16.5,1.1199999999999992
2019-12-14,Hobo-Tmp-1,14.25,16.21,1.9600000000000009
2019-12-14,Hobo-Tmp-2,12.97,15.74,2.7699999999999996
2019-12-14,Mean.Temp,13.61,15.98,2.370000000000001
2019-12-15,Hobo-Tmp-1,12.5,14.28,1.7799999999999994
2019-12-15,Hobo-Tmp-2,10.56,13.12,2.5599999999999987
2019-12-15,Mean.Temp,11.68,13.61,1.9299999999999997
2019-12-16,Hobo-Tmp-1,12.79,14.29,1.5
2019-12-16,Hobo-Tmp-2,10.24,13.54,3.299999999999999
2019-12-16,Mean.Temp,11.52,13.83,2.3100000000000005
2019-12-17,Hobo-Tmp-1,14.14,14.95,0.8099999999999987
2019-12-17,Hobo-Tmp-2,11.64,14.08,2.4399999999999995
2019-12-17,Mean.Temp,12.91,14.51,1.5999999999999996
2019-12-18,Hobo-Tmp-1,14.54,15,0.46000000000000085
2019-12-18,Hobo-Tmp-2,11.64,14.32,2.6799999999999997
2019-12-18,Mean.Temp,13.12,14.65,1.5300000000000011
2019-12-19,Hobo-Tmp-1,12.88,14.8,1.92
2019-12-19,Hobo-Tmp-2,10.94,14.33,3.3900000000000006
2019-12-19,Mean.Temp,11.93,14.56,2.630000000000001
2019-12-20,Hobo-Tmp-1,13.93,14.52,0.5899999999999999
2019-12-20,Hobo-Tmp-2,12.2,14.33,2.130000000000001
2019-12-20,Mean.Temp,13.09,14.34,1.25
2019-12-21,Hobo-Tmp-1,13.43,14.57,1.1400000000000006
2019-12-21,Hobo-Tmp-2,12.08,14.13,2.0500000000000007
2019-12-21,Mean.Temp,12.81,14.34,1.5299999999999994
2019-12-22,Hobo-Tmp-1,14.35,14.5,0.15000000000000036
2019-12-22,Hobo-Tmp-2,13.18,14.18,1
2019-12-22,Mean.Temp,13.8,14.31,0.5099999999999998
2019-12-23,Hobo-Tmp-1,14.38,14.56,0.17999999999999972
2019-12-23,Hobo-Tmp-2,12.73,14.27,1.5399999999999991
2019-12-23,Mean.Temp,13.56,14.41,0.8499999999999996
2019-12-24,Hobo-Tmp-1,14.17,14.49,0.3200000000000003
2019-12-24,Hobo-Tmp-2,12.07,13.84,1.7699999999999996
2019-12-24,Mean.Temp,13.2,14.14,0.9400000000000013
2019-12-25,Hobo-Tmp-1,14.01,14.25,0.2400000000000002
2019-12-25,Hobo-Tmp-2,12.27,13.78,1.5099999999999998
2019-12-25,Mean.Temp,13.14,13.94,0.7999999999999989
2019-12-26,Hobo-Tmp-1,14.04,14.43,0.39000000000000057
2019-12-26,Hobo-Tmp-2,12.26,13.47,1.2100000000000009
2019-12-26,Mean.Temp,13.21,13.91,0.6999999999999993
2019-12-27,Hobo-Tmp-1,12.39,14.31,1.92
2019-12-27,Hobo-Tmp-2,10.97,13.65,2.6799999999999997
2019-12-27,Mean.Temp,11.7,13.96,2.2600000000000016
2019-12-28,Hobo-Tmp-1,13.86,14.43,0.5700000000000003
2019-12-28,Hobo-Tmp-2,11.68,14.01,2.33
2019-12-28,Mean.Temp,12.8,14.2,1.3999999999999986
2019-12-29,Hobo-Tmp-1,14.17,14.67,0.5
2019-12-29,Hobo-Tmp-2,12.36,14.2,1.8399999999999999
2019-12-29,Mean.Temp,13.34,14.35,1.0099999999999998
2019-12-30,Hobo-Tmp-1,14.43,14.65,0.22000000000000064
2019-12-30,Hobo-Tmp-2,12.86,14.33,1.4700000000000006
2019-12-30,Mean.Temp,13.68,14.44,0.7599999999999998
2019-12-31,Hobo-Tmp-1,13.49,14.72,1.2300000000000004
2019-12-31,Hobo-Tmp-2,12.04,14.55,2.5100000000000016
2019-12-31,Mean.Temp,12.76,14.64,1.8800000000000008
2020-01-01,Hobo-Tmp-1,14.67,15.13,0.46000000000000085
2020-01-01,Hobo-Tmp-2,12.86,14.97,2.110000000000001
2020-01-01,Mean.Temp,13.78,15,1.2200000000000006
2020-01-02,Hobo-Tmp-1,13.81,15.15,1.3399999999999999
2020-01-02,Hobo-Tmp-2,13.03,15.33,2.3000000000000007
2020-01-02,Mean.Temp,13.43,15.16,1.7300000000000004
2020-01-03,Hobo-Tmp-1,14.54,15.11,0.5700000000000003
2020-01-03,Hobo-Tmp-2,13.29,15.27,1.9800000000000004
2020-01-03,Mean.Temp,13.95,15.19,1.2400000000000002
2020-01-04,Hobo-Tmp-1,13.73,15.15,1.42
2020-01-04,Hobo-Tmp-2,12.45,15.11,2.66
2020-01-04,Mean.Temp,13.09,15.07,1.9800000000000004
2020-01-05,Hobo-Tmp-1,14.86,15.15,0.2900000000000009
2020-01-05,Hobo-Tmp-2,13.07,15.11,2.039999999999999
2020-01-05,Mean.Temp,13.97,15.13,1.1600000000000001
2020-01-06,Hobo-Tmp-1,13.31,15.28,1.9699999999999989
2020-01-06,Hobo-Tmp-2,11.94,14.98,3.040000000000001
2020-01-06,Mean.Temp,12.64,15.01,2.369999999999999
2020-01-07,Hobo-Tmp-1,13.64,15.32,1.6799999999999997
2020-01-07,Hobo-Tmp-2,12.56,15.19,2.629999999999999
2020-01-07,Mean.Temp,13.1,15.25,2.1500000000000004
2020-01-08,Hobo-Tmp-1,13.54,15.26,1.7200000000000006
2020-01-08,Hobo-Tmp-2,12.44,15,2.5600000000000005
2020-01-08,Mean.Temp,12.99,15.08,2.09
2020-01-09,Hobo-Tmp-1,13.36,14.97,1.6100000000000012
2020-01-09,Hobo-Tmp-2,12.71,14.51,1.799999999999999
2020-01-09,Mean.Temp,13.06,14.63,1.5700000000000003
2020-01-10,Hobo-Tmp-1,13.2,14.95,1.75
2020-01-10,Hobo-Tmp-2,12.23,14.74,2.51
2020-01-10,Mean.Temp,12.73,14.82,2.09
2020-01-11,Hobo-Tmp-1,14.69,14.96,0.27000000000000135
2020-01-11,Hobo-Tmp-2,13.72,14.76,1.0399999999999991
2020-01-11,Mean.Temp,14.21,14.81,0.5999999999999996
2020-01-12,Hobo-Tmp-1,14.56,14.76,0.1999999999999993
2020-01-12,Hobo-Tmp-2,13.39,14.65,1.2599999999999998
2020-01-12,Mean.Temp,13.99,14.68,0.6899999999999995
2020-01-13,Hobo-Tmp-1,14.65,14.97,0.3200000000000003
2020-01-13,Hobo-Tmp-2,13.33,14.8,1.4700000000000006
2020-01-13,Mean.Temp,14.01,14.82,0.8100000000000005
2020-01-14,Hobo-Tmp-1,14.65,14.98,0.33000000000000007
2020-01-14,Hobo-Tmp-2,13.57,14.89,1.3200000000000003
2020-01-14,Mean.Temp,14.13,14.93,0.7999999999999989
2020-01-15,Hobo-Tmp-1,14.69,15.06,0.370000000000001
2020-01-15,Hobo-Tmp-2,13.87,14.8,0.9300000000000015
2020-01-15,Mean.Temp,14.3,14.87,0.5699999999999985
2020-01-16,Hobo-Tmp-1,14.85,15.01,0.16000000000000014
2020-01-16,Hobo-Tmp-2,13.92,14.62,0.6999999999999993
2020-01-16,Mean.Temp,14.41,14.78,0.3699999999999992
2020-01-17,Hobo-Tmp-1,14.39,14.89,0.5
2020-01-17,Hobo-Tmp-2,13.21,14.57,1.3599999999999994
2020-01-17,Mean.Temp,13.91,14.7,0.7899999999999991
2020-01-18,Hobo-Tmp-1,14.46,14.74,0.27999999999999936
2020-01-18,Hobo-Tmp-2,13.27,14.59,1.3200000000000003
2020-01-18,Mean.Temp,13.91,14.64,0.7300000000000004
2020-01-19,Hobo-Tmp-1,14.4,14.81,0.41000000000000014
2020-01-19,Hobo-Tmp-2,13.24,14.79,1.549999999999999
2020-01-19,Mean.Temp,13.88,14.76,0.879999999999999
2020-01-20,Hobo-Tmp-1,14.71,15.02,0.3099999999999987
2020-01-20,Hobo-Tmp-2,14.07,15.02,0.9499999999999993
2020-01-20,Mean.Temp,14.4,15.01,0.6099999999999994
2020-01-21,Hobo-Tmp-1,14.95,15.09,0.14000000000000057
2020-01-21,Hobo-Tmp-2,14.16,15.07,0.9100000000000001
2020-01-21,Mean.Temp,14.58,15.07,0.4900000000000002
2020-01-22,Hobo-Tmp-1,14.86,15.15,0.2900000000000009
2020-01-22,Hobo-Tmp-2,14.07,15.44,1.3699999999999992
2020-01-22,Mean.Temp,14.47,15.29,0.8199999999999985
2020-01-23,Hobo-Tmp-1,14.48,15.17,0.6899999999999995
2020-01-23,Hobo-Tmp-2,13.66,15.3,1.6400000000000006
2020-01-23,Mean.Temp,14.13,15.21,1.08
2020-01-24,Hobo-Tmp-1,14.95,15.13,0.1800000000000015
2020-01-24,Hobo-Tmp-2,14.17,15.4,1.2300000000000004
2020-01-24,Mean.Temp,14.57,15.26,0.6899999999999995
2020-01-25,Hobo-Tmp-1,14.84,15.37,0.5299999999999994
2020-01-25,Hobo-Tmp-2,14.08,15.29,1.209999999999999
2020-01-25,Mean.Temp,14.47,15.16,0.6899999999999995
2020-01-26,Hobo-Tmp-1,15.06,15.53,0.46999999999999886
2020-01-26,Hobo-Tmp-2,14.39,15.67,1.2799999999999994
2020-01-26,Mean.Temp,14.77,15.57,0.8000000000000007
2020-01-27,Hobo-Tmp-1,13.94,15.42,1.4800000000000004
2020-01-27,Hobo-Tmp-2,13.24,15.51,2.2699999999999996
2020-01-27,Mean.Temp,13.59,15.45,1.8599999999999994
2020-01-28,Hobo-Tmp-1,14.82,15.3,0.4800000000000004
2020-01-28,Hobo-Tmp-2,13.58,15.44,1.8599999999999994
2020-01-28,Mean.Temp,14.22,15.36,1.1399999999999988
2020-01-29,Hobo-Tmp-1,13.53,14.84,1.3100000000000005
2020-01-29,Hobo-Tmp-2,12.96,14.62,1.6599999999999984
2020-01-29,Mean.Temp,13.25,14.66,1.4100000000000001
2020-01-30,Hobo-Tmp-1,13.77,15.36,1.5899999999999999
2020-01-30,Hobo-Tmp-2,12.9,15.3,2.4000000000000004
2020-01-30,Mean.Temp,13.34,15.29,1.9499999999999993
2020-01-31,Hobo-Tmp-1,14.35,15.24,0.8900000000000006
2020-01-31,Hobo-Tmp-2,13.59,15.37,1.7799999999999994
2020-01-31,Mean.Temp,13.98,15.29,1.3099999999999987
2020-02-01,Hobo-Tmp-1,13.79,15.27,1.4800000000000004
2020-02-01,Hobo-Tmp-2,12.96,15.23,2.2699999999999996
2020-02-01,Mean.Temp,13.38,15.11,1.7299999999999986
2020-02-02,Hobo-Tmp-1,14.64,15.38,0.7400000000000002
2020-02-02,Hobo-Tmp-2,13.61,15.44,1.83
2020-02-02,Mean.Temp,14.12,15.38,1.2600000000000016
2020-02-03,Hobo-Tmp-1,12.79,14.59,1.8000000000000007
2020-02-03,Hobo-Tmp-2,12.02,13.58,1.5600000000000005
2020-02-03,Mean.Temp,12.49,14.09,1.5999999999999996
2020-02-04,Hobo-Tmp-1,13.38,14.58,1.1999999999999993
2020-02-04,Hobo-Tmp-2,11.91,13.8,1.8900000000000006
2020-02-04,Mean.Temp,12.75,14.19,1.4399999999999995
2020-02-05,Hobo-Tmp-1,14.1,14.81,0.7100000000000009
2020-02-05,Hobo-Tmp-2,12.67,14.32,1.6500000000000004
2020-02-05,Mean.Temp,13.42,14.56,1.1400000000000006
2020-02-06,Hobo-Tmp-1,14.29,14.87,0.5800000000000001
2020-02-06,Hobo-Tmp-2,13.27,14.41,1.1400000000000006
2020-02-06,Mean.Temp,13.83,14.45,0.6199999999999992
2020-02-07,Hobo-Tmp-1,13.67,14.84,1.17
2020-02-07,Hobo-Tmp-2,12.57,14.31,1.7400000000000002
2020-02-07,Mean.Temp,13.45,14.34,0.8900000000000006
2020-02-08,Hobo-Tmp-1,13.94,14.43,0.4900000000000002
2020-02-08,Hobo-Tmp-2,12.18,14.27,2.09
2020-02-08,Mean.Temp,13.12,14.26,1.1400000000000006
2020-02-09,Hobo-Tmp-1,14.2,14.76,0.5600000000000005
2020-02-09,Hobo-Tmp-2,12.32,14.55,2.2300000000000004
2020-02-09,Mean.Temp,13.34,14.64,1.3000000000000007
2020-02-10,Hobo-Tmp-1,13.57,14.56,0.9900000000000002
2020-02-10,Hobo-Tmp-2,11.87,14.63,2.7600000000000016
2020-02-10,Mean.Temp,12.72,14.59,1.8699999999999992
2020-02-11,Hobo-Tmp-1,14.08,14.5,0.41999999999999993
2020-02-11,Hobo-Tmp-2,11.84,14.66,2.8200000000000003
2020-02-11,Mean.Temp,12.98,14.55,1.5700000000000003
2020-02-12,Hobo-Tmp-1,14.02,14.56,0.5400000000000009
2020-02-12,Hobo-Tmp-2,11.38,14.94,3.5599999999999987
2020-02-12,Mean.Temp,12.73,14.72,1.9900000000000002
2020-02-13,Hobo-Tmp-1,14.31,14.83,0.5199999999999996
2020-02-13,Hobo-Tmp-2,12.2,14.78,2.58
2020-02-13,Mean.Temp,13.31,14.77,1.459999999999999
2020-02-14,Hobo-Tmp-1,14.4,14.87,0.46999999999999886
2020-02-14,Hobo-Tmp-2,12.24,14.96,2.7200000000000006
2020-02-14,Mean.Temp,13.33,14.89,1.5600000000000005
2020-02-15,Hobo-Tmp-1,14.36,14.77,0.41000000000000014
2020-02-15,Hobo-Tmp-2,12.08,14.98,2.9000000000000004
2020-02-15,Mean.Temp,13.24,14.86,1.6199999999999992
2020-02-16,Hobo-Tmp-1,14.47,15.02,0.5499999999999989
2020-02-16,Hobo-Tmp-2,12.58,15.29,2.709999999999999
2020-02-16,Mean.Temp,13.52,15.13,1.6100000000000012
2020-02-17,Hobo-Tmp-1,14.61,15.03,0.41999999999999993
2020-02-17,Hobo-Tmp-2,12.6,15.4,2.8000000000000007
2020-02-17,Mean.Temp,13.61,15.19,1.58
2020-02-18,Hobo-Tmp-1,14.56,15.18,0.6199999999999992
2020-02-18,Hobo-Tmp-2,12.94,15.48,2.540000000000001
2020-02-18,Mean.Temp,13.77,15.27,1.5
2020-02-19,Hobo-Tmp-1,14.44,15.37,0.9299999999999997
2020-02-19,Hobo-Tmp-2,12.84,15.42,2.58
2020-02-19,Mean.Temp,13.68,15.38,1.700000000000001
2020-02-20,Hobo-Tmp-1,14.44,15.42,0.9800000000000004
2020-02-20,Hobo-Tmp-2,12.42,15.84,3.42
2020-02-20,Mean.Temp,13.6,15.62,2.0199999999999996
2020-02-21,Hobo-Tmp-1,13.91,15.27,1.3599999999999994
2020-02-21,Hobo-Tmp-2,12.31,15.3,2.99
2020-02-21,Mean.Temp,13.11,15.18,2.0700000000000003
2020-02-22,Hobo-Tmp-1,14.96,15.49,0.5299999999999994
2020-02-22,Hobo-Tmp-2,13.34,15.41,2.0700000000000003
2020-02-22,Mean.Temp,14.23,15.42,1.1899999999999995
2020-02-23,Hobo-Tmp-1,14.23,15.31,1.08
2020-02-23,Hobo-Tmp-2,12.66,15.38,2.7200000000000006
2020-02-23,Mean.Temp,13.45,15.32,1.870000000000001
2020-02-24,Hobo-Tmp-1,14.59,15.36,0.7699999999999996
2020-02-24,Hobo-Tmp-2,12.89,15.61,2.719999999999999
2020-02-24,Mean.Temp,13.89,15.44,1.549999999999999
2020-02-25,Hobo-Tmp-1,15.01,15.47,0.46000000000000085
2020-02-25,Hobo-Tmp-2,12.9,15.89,2.99
2020-02-25,Mean.Temp,13.97,15.65,1.6799999999999997
2020-02-26,Hobo-Tmp-1,14.77,15.69,0.9199999999999999
2020-02-26,Hobo-Tmp-2,12.9,15.73,2.83
2020-02-26,Mean.Temp,13.99,15.57,1.58
2020-02-27,Hobo-Tmp-1,14.43,15.48,1.0500000000000007
2020-02-27,Hobo-Tmp-2,12.41,15.66,3.25
2020-02-27,Mean.Temp,13.45,15.57,2.120000000000001
2020-02-28,Hobo-Tmp-1,14.61,15.47,0.8600000000000012
2020-02-28,Hobo-Tmp-2,13.23,15.91,2.6799999999999997
2020-02-28,Mean.Temp,13.98,15.67,1.6899999999999995
2020-02-29,Hobo-Tmp-1,14.69,15.9,1.2100000000000009
2020-02-29,Hobo-Tmp-2,13.36,16.13,2.7699999999999996
2020-02-29,Mean.Temp,14.16,15.85,1.6899999999999995
2020-03-01,Hobo-Tmp-1,14.03,15.42,1.3900000000000006
2020-03-01,Hobo-Tmp-2,12.13,14.53,2.3999999999999986
2020-03-01,Mean.Temp,13.51,14.66,1.1500000000000004
2020-03-02,Hobo-Tmp-1,13.33,15.08,1.75
2020-03-02,Hobo-Tmp-2,11.46,15.14,3.6799999999999997
2020-03-02,Mean.Temp,12.61,15.04,2.4299999999999997
2020-03-03,Hobo-Tmp-1,13.58,16.08,2.4999999999999982
2020-03-03,Hobo-Tmp-2,11.38,15.43,4.049999999999999
2020-03-03,Mean.Temp,12.58,15.45,2.869999999999999
2020-03-04,Hobo-Tmp-1,14.14,15.33,1.1899999999999995
2020-03-04,Hobo-Tmp-2,12.5,15.44,2.9399999999999995
2020-03-04,Mean.Temp,13.42,15.25,1.83
2020-03-05,Hobo-Tmp-1,14.68,15.91,1.2300000000000004
2020-03-05,Hobo-Tmp-2,13.83,15.68,1.8499999999999996
2020-03-05,Mean.Temp,14.49,15.69,1.1999999999999993
2020-03-06,Hobo-Tmp-1,14.51,15.86,1.3499999999999996
2020-03-06,Hobo-Tmp-2,12.66,15.63,2.9700000000000006
2020-03-06,Mean.Temp,13.61,15.61,2
2020-03-07,Hobo-Tmp-1,13.73,15.18,1.4499999999999993
2020-03-07,Hobo-Tmp-2,12.86,14.92,2.0600000000000005
2020-03-07,Mean.Temp,13.38,14.78,1.3999999999999986
2020-03-08,Hobo-Tmp-1,13.84,15.61,1.7699999999999996
2020-03-08,Hobo-Tmp-2,12.24,14.81,2.5700000000000003
2020-03-08,Mean.Temp,13.05,15.13,2.08
2020-03-09,Hobo-Tmp-1,14.16,15.58,1.42
2020-03-09,Hobo-Tmp-2,12.98,15.72,2.74
2020-03-09,Mean.Temp,13.68,15.59,1.9100000000000001
2020-03-10,Hobo-Tmp-1,15.16,15.37,0.20999999999999908
2020-03-10,Hobo-Tmp-2,14.58,15.77,1.1899999999999995
2020-03-10,Mean.Temp,14.91,15.55,0.6400000000000006
2020-03-11,Hobo-Tmp-1,15.3,15.9,0.5999999999999996
2020-03-11,Hobo-Tmp-2,14.59,16.32,1.7300000000000004
2020-03-11,Mean.Temp,15.06,15.97,0.9100000000000001
2020-03-12,Hobo-Tmp-1,14.97,15.76,0.7899999999999991
2020-03-12,Hobo-Tmp-2,13.82,15.63,1.8100000000000005
2020-03-12,Mean.Temp,14.43,15.56,1.1300000000000008
2020-03-13,Hobo-Tmp-1,15.37,15.68,0.3100000000000005
2020-03-13,Hobo-Tmp-2,14.83,15.37,0.5399999999999991
2020-03-13,Mean.Temp,15.15,15.49,0.33999999999999986
2020-03-14,Hobo-Tmp-1,15.48,15.79,0.3099999999999987
2020-03-14,Hobo-Tmp-2,14.68,15.47,0.7900000000000009
2020-03-14,Mean.Temp,15.12,15.55,0.4300000000000015
2020-03-15,Hobo-Tmp-1,15.37,15.7,0.33000000000000007
2020-03-15,Hobo-Tmp-2,14.47,15.53,1.0599999999999987
2020-03-15,Mean.Temp,14.92,15.61,0.6899999999999995
2020-03-16,Hobo-Tmp-1,15.34,15.63,0.2900000000000009
2020-03-16,Hobo-Tmp-2,13.11,14.8,1.6900000000000013
2020-03-16,Mean.Temp,14.24,15.16,0.9199999999999999
2020-03-17,Hobo-Tmp-1,15.17,15.48,0.3100000000000005
2020-03-17,Hobo-Tmp-2,12.97,14.82,1.8499999999999996
2020-03-17,Mean.Temp,14.11,15.11,1
2020-03-18,Hobo-Tmp-1,15.03,15.61,0.5800000000000001
2020-03-18,Hobo-Tmp-2,12.2,15.28,3.08
2020-03-18,Mean.Temp,13.63,15.44,1.8099999999999987
2020-03-19,Hobo-Tmp-1,13.8,15.19,1.3899999999999988
2020-03-19,Hobo-Tmp-2,11.7,14.94,3.24
2020-03-19,Mean.Temp,12.78,15.07,2.290000000000001
2020-03-20,Hobo-Tmp-1,14.43,15.19,0.7599999999999998
2020-03-20,Hobo-Tmp-2,13.21,15.11,1.8999999999999986
2020-03-20,Mean.Temp,13.89,15.11,1.2199999999999989
2020-03-21,Hobo-Tmp-1,14.65,15.24,0.5899999999999999
2020-03-21,Hobo-Tmp-2,13.57,15.37,1.799999999999999
2020-03-21,Mean.Temp,14.16,15.22,1.0600000000000005
2020-03-22,Hobo-Tmp-1,14.54,15.04,0.5
2020-03-22,Hobo-Tmp-2,13.5,15.33,1.83
2020-03-22,Mean.Temp,14.06,15.17,1.1099999999999994
2020-03-23,Hobo-Tmp-1,14.97,15.63,0.6600000000000001
2020-03-23,Hobo-Tmp-2,13.59,15.75,2.16
2020-03-23,Mean.Temp,14.31,15.67,1.3599999999999994
2020-03-24,Hobo-Tmp-1,14.4,15.4,1
2020-03-24,Hobo-Tmp-2,13.24,15.17,1.9299999999999997
2020-03-24,Mean.Temp,13.86,15.26,1.4000000000000004
2020-03-25,Hobo-Tmp-1,14.09,15.07,0.9800000000000004
2020-03-25,Hobo-Tmp-2,12.57,14.8,2.2300000000000004
2020-03-25,Mean.Temp,13.44,14.92,1.4800000000000004
2020-03-26,Hobo-Tmp-1,13.12,14.13,1.0100000000000016
2020-03-26,Hobo-Tmp-2,11.99,13.63,1.6400000000000006
2020-03-26,Mean.Temp,12.67,13.74,1.0700000000000003
2020-03-27,Hobo-Tmp-1,11.88,13.64,1.7599999999999998
2020-03-27,Hobo-Tmp-2,10.56,13.73,3.17
2020-03-27,Mean.Temp,11.6,13.66,2.0600000000000005
2020-03-28,Hobo-Tmp-1,11.81,13.33,1.5199999999999996
2020-03-28,Hobo-Tmp-2,10.69,13.58,2.8900000000000006
2020-03-28,Mean.Temp,11.41,13.44,2.0299999999999994
2020-03-29,Hobo-Tmp-1,11.84,13.18,1.3399999999999999
2020-03-29,Hobo-Tmp-2,10.94,13.96,3.0200000000000014
2020-03-29,Mean.Temp,11.52,13.54,2.0199999999999996
2020-03-30,Hobo-Tmp-1,11.58,14.47,2.8900000000000006
2020-03-30,Hobo-Tmp-2,10.63,14.43,3.799999999999999
2020-03-30,Mean.Temp,11.1,13.71,2.610000000000001
2020-03-31,Hobo-Tmp-1,12,15.83,3.83
2020-03-31,Hobo-Tmp-2,11.4,15.66,4.26
2020-03-31,Mean.Temp,11.79,14.58,2.790000000000001
2020-04-01,Hobo-Tmp-1,13.03,14.44,1.4100000000000001
2020-04-01,Hobo-Tmp-2,12.06,15.62,3.5599999999999987
2020-04-01,Mean.Temp,12.58,14.73,2.1500000000000004
2020-04-02,Hobo-Tmp-1,13.38,14.47,1.0899999999999999
2020-04-02,Hobo-Tmp-2,12.17,15.12,2.9499999999999993
2020-04-02,Mean.Temp,12.81,14.74,1.9299999999999997
2020-04-03,Hobo-Tmp-1,12.64,15.12,2.4799999999999986
2020-04-03,Hobo-Tmp-2,11.23,15.51,4.279999999999999
2020-04-03,Mean.Temp,12.32,15.17,2.8499999999999996
2020-04-04,Hobo-Tmp-1,13.04,15.58,2.540000000000001
2020-04-04,Hobo-Tmp-2,11.94,15.4,3.460000000000001
2020-04-04,Mean.Temp,12.58,15.48,2.9000000000000004
2020-04-05,Hobo-Tmp-1,13.14,14.79,1.6499999999999986
2020-04-05,Hobo-Tmp-2,12.56,14.11,1.549999999999999
2020-04-05,Mean.Temp,12.93,14.45,1.5199999999999996
2020-04-06,Hobo-Tmp-1,13.48,14.78,1.299999999999999
2020-04-06,Hobo-Tmp-2,12.81,14.63,1.8200000000000003
2020-04-06,Mean.Temp,13.44,14.53,1.0899999999999999
2020-04-07,Hobo-Tmp-1,13.87,14.47,0.6000000000000014
2020-04-07,Hobo-Tmp-2,12.54,14.07,1.5300000000000011
2020-04-07,Mean.Temp,13.37,14.06,0.6900000000000013
2020-04-08,Hobo-Tmp-1,13.21,14.57,1.3599999999999994
2020-04-08,Hobo-Tmp-2,12.21,13.92,1.709999999999999
2020-04-08,Mean.Temp,12.88,14.13,1.25
2020-04-09,Hobo-Tmp-1,13.37,14.14,0.77000000000000135
2020-04-09,Hobo-Tmp-2,12.48,13.52,1.0399999999999991
2020-04-09,Mean.Temp,12.96,13.76,0.7999999999999989
2020-04-10,Hobo-Tmp-1,13.73,14.67,0.9399999999999995
2020-04-10,Hobo-Tmp-2,11.91,14.77,2.8599999999999994
2020-04-10,Mean.Temp,12.86,14.3,1.4400000000000013
2020-04-11,Hobo-Tmp-1,13.56,15.08,1.5199999999999996
2020-04-11,Hobo-Tmp-2,12.2,16.21,4.010000000000002
2020-04-11,Mean.Temp,12.88,15.59,2.709999999999999
2020-04-12,Hobo-Tmp-1,14.21,14.83,0.6199999999999992
2020-04-12,Hobo-Tmp-2,13.54,15.12,1.58
2020-04-12,Mean.Temp,13.94,14.96,1.0200000000000014
2020-04-13,Hobo-Tmp-1,13.89,15.23,1.3399999999999999
2020-04-13,Hobo-Tmp-2,13.48,15.69,2.209999999999999
2020-04-13,Mean.Temp,13.79,15.33,1.540000000000001
2020-04-14,Hobo-Tmp-1,13.83,15.21,1.3800000000000008
2020-04-14,Hobo-Tmp-2,12.42,16.28,3.860000000000001
2020-04-14,Mean.Temp,13.32,15.74,2.42
2020-04-15,Hobo-Tmp-1,13.87,15.62,1.75
2020-04-15,Hobo-Tmp-2,12.6,16.64,4.040000000000001
2020-04-15,Mean.Temp,13.25,16.13,2.879999999999999
2020-04-16,Hobo-Tmp-1,14.04,15.76,1.7200000000000006
2020-04-16,Hobo-Tmp-2,12.96,16.05,3.09
2020-04-16,Mean.Temp,13.64,15.9,2.26
2020-04-17,Hobo-Tmp-1,14.28,16.06,1.7799999999999994
2020-04-17,Hobo-Tmp-2,14.1,15.9,1.8000000000000007
2020-04-17,Mean.Temp,14.2,15.81,1.6100000000000012
2020-04-18,Hobo-Tmp-1,13.64,15.99,2.3499999999999996
2020-04-18,Hobo-Tmp-2,13.83,15.67,1.8399999999999999
2020-04-18,Mean.Temp,13.82,15.77,1.9499999999999993
2020-04-19,Hobo-Tmp-1,13.12,15.69,2.5700000000000003
2020-04-19,Hobo-Tmp-2,12.18,15.79,3.6099999999999994
2020-04-19,Mean.Temp,13.09,15.58,2.49
2020-04-20,Hobo-Tmp-1,12.56,15.64,3.08
2020-04-20,Hobo-Tmp-2,12.02,16.22,4.199999999999999
2020-04-20,Mean.Temp,12.54,15.8,3.2600000000000016
2020-04-21,Hobo-Tmp-1,11.71,13.35,1.6399999999999988
2020-04-21,Hobo-Tmp-2,11.19,14.83,3.6400000000000006
2020-04-21,Mean.Temp,11.9,14.06,2.16
2020-04-22,Hobo-Tmp-1,11.78,14.12,2.34
2020-04-22,Hobo-Tmp-2,11.57,16.08,4.509999999999998
2020-04-22,Mean.Temp,11.81,14.74,2.9299999999999997
2020-04-23,Hobo-Tmp-1,11.99,16.28,4.290000000000001
2020-04-23,Hobo-Tmp-2,12.52,17.29,4.77
2020-04-23,Mean.Temp,12.52,15.36,2.84
2020-04-24,Hobo-Tmp-1,11.61,14.14,2.530000000000001
2020-04-24,Hobo-Tmp-2,12.17,16.79,4.619999999999999
2020-04-24,Mean.Temp,11.93,15.16,3.2300000000000004
2020-04-25,Hobo-Tmp-1,12.62,14.64,2.0200000000000014
2020-04-25,Hobo-Tmp-2,12.46,16.21,3.75
2020-04-25,Mean.Temp,12.62,14.86,2.24
2020-04-26,Hobo-Tmp-1,12.63,15.15,2.5199999999999996
2020-04-26,Hobo-Tmp-2,12.86,16.91,4.050000000000001
2020-04-26,Mean.Temp,13.03,15.36,2.33
2020-04-27,Hobo-Tmp-1,12.35,16.33,3.9799999999999986
2020-04-27,Hobo-Tmp-2,12.57,16.97,4.399999999999999
2020-04-27,Mean.Temp,12.7,15.93,3.2300000000000004
2020-04-28,Hobo-Tmp-1,12.96,16.32,3.3599999999999994
2020-04-28,Hobo-Tmp-2,13.27,17.61,4.34
2020-04-28,Mean.Temp,13.18,16.77,3.59
2020-04-29,Hobo-Tmp-1,12.91,16.69,3.780000000000001
2020-04-29,Hobo-Tmp-2,13.21,16.44,3.2300000000000004
2020-04-29,Mean.Temp,13.28,16.35,3.070000000000002
2020-04-30,Hobo-Tmp-1,12.89,16.22,3.3299999999999983
2020-04-30,Hobo-Tmp-2,13.52,17.12,3.6000000000000014
2020-04-30,Mean.Temp,13.21,16.26,3.0500000000000007
2020-05-01,Hobo-Tmp-1,12.53,16.34,3.8100000000000005
2020-05-01,Hobo-Tmp-2,13.52,17.84,4.32
2020-05-01,Mean.Temp,13.1,16.99,3.889999999999999
2020-05-02,Hobo-Tmp-1,12.3,15.76,3.459999999999999
2020-05-02,Hobo-Tmp-2,12.05,17.29,5.239999999999998
2020-05-02,Mean.Temp,12.24,16.28,4.040000000000001
2020-05-03,Hobo-Tmp-1,12.29,15.99,3.700000000000001
2020-05-03,Hobo-Tmp-2,11.99,17.54,5.549999999999999
2020-05-03,Mean.Temp,12.29,16.69,4.400000000000002
2020-05-04,Hobo-Tmp-1,12.61,15.49,2.880000000000001
2020-05-04,Hobo-Tmp-2,12.33,16.94,4.610000000000001
2020-05-04,Mean.Temp,12.57,16.19,3.620000000000001
2020-05-05,Hobo-Tmp-1,12.72,15.76,3.039999999999999
2020-05-05,Hobo-Tmp-2,11.7,16.88,5.18
2020-05-05,Mean.Temp,12.22,16.23,4.01
2020-05-06,Hobo-Tmp-1,13.62,16.38,2.76
2020-05-06,Hobo-Tmp-2,13.43,16.36,2.9299999999999997
2020-05-06,Mean.Temp,13.59,15.92,2.33
2020-05-07,Hobo-Tmp-1,12.76,14.71,1.950000000000001
2020-05-07,Hobo-Tmp-2,12.97,16.46,3.49
2020-05-07,Mean.Temp,13.24,15.53,2.289999999999999
2020-05-08,Hobo-Tmp-1,13.02,15.29,2.2699999999999996
2020-05-08,Hobo-Tmp-2,12.93,15.17,2.24
2020-05-08,Mean.Temp,13.33,14.41,1.08
2020-05-09,Hobo-Tmp-1,12.35,15.31,2.960000000000001
2020-05-09,Hobo-Tmp-2,12.76,15.12,2.3599999999999994
2020-05-09,Mean.Temp,12.84,14.84,2
2020-05-10,Hobo-Tmp-1,12.68,14.82,2.1400000000000006
2020-05-10,Hobo-Tmp-2,12.9,14.76,1.8599999999999994
2020-05-10,Mean.Temp,12.87,14.73,1.8600000000000012
2020-05-11,Hobo-Tmp-1,12.87,14.74,1.870000000000001
2020-05-11,Hobo-Tmp-2,12.43,15.32,2.8900000000000006
2020-05-11,Mean.Temp,13.03,14.66,1.6300000000000008
2020-05-12,Hobo-Tmp-1,12.75,14.84,2.09
2020-05-12,Hobo-Tmp-2,12.43,15.44,3.01
2020-05-12,Mean.Temp,12.61,14.97,2.360000000000001
2020-05-13,Hobo-Tmp-1,12.41,14.8,2.3900000000000006
2020-05-13,Hobo-Tmp-2,11.77,16.09,4.32
2020-05-13,Mean.Temp,12.16,15.21,3.0500000000000007
2020-05-14,Hobo-Tmp-1,11.36,14.13,2.7700000000000014
2020-05-14,Hobo-Tmp-2,11.67,16.11,4.4399999999999995
2020-05-14,Mean.Temp,11.78,14.51,2.7300000000000004
2020-05-15,Hobo-Tmp-1,11.27,13.08,1.8100000000000005
2020-05-15,Hobo-Tmp-2,11.6,14.71,3.110000000000001
2020-05-15,Mean.Temp,11.45,13.76,2.3100000000000005
2020-05-16,Hobo-Tmp-1,11.07,13.12,2.049999999999999
2020-05-16,Hobo-Tmp-2,11.03,14.33,3.3000000000000007
2020-05-16,Mean.Temp,11.17,13.26,2.09
2020-05-17,Hobo-Tmp-1,12.34,15.82,3.4800000000000004
2020-05-17,Hobo-Tmp-2,12.07,16.49,4.419999999999998
2020-05-17,Mean.Temp,12.38,16.14,3.76
2020-05-18,Hobo-Tmp-1,11.72,15.7,3.9799999999999986
2020-05-18,Hobo-Tmp-2,12.08,15.71,3.630000000000001
2020-05-18,Mean.Temp,11.9,15.39,3.49
2020-05-19,Hobo-Tmp-1,11.48,12,0.5199999999999996
2020-05-19,Hobo-Tmp-2,11.45,13.56,2.110000000000001
2020-05-19,Mean.Temp,11.59,12.72,1.1300000000000008
2020-05-20,Hobo-Tmp-1,10.78,12.61,1.83
2020-05-20,Hobo-Tmp-2,10.61,14.14,3.530000000000001
2020-05-20,Mean.Temp,10.69,13.35,2.66
2020-05-21,Hobo-Tmp-1,11.13,12.57,1.4399999999999995
2020-05-21,Hobo-Tmp-2,10.76,14.49,3.7300000000000004
2020-05-21,Mean.Temp,10.95,13.51,2.5600000000000005
2020-05-22,Hobo-Tmp-1,11.88,15.04,3.1599999999999984
2020-05-22,Hobo-Tmp-2,11.68,16.21,4.530000000000001
2020-05-22,Mean.Temp,11.79,15.35,3.5600000000000005
2020-05-23,Hobo-Tmp-1,12.91,14.78,1.8699999999999992
2020-05-23,Hobo-Tmp-2,12.43,15.76,3.33
2020-05-23,Mean.Temp,12.75,15.19,2.4399999999999995
2020-05-24,Hobo-Tmp-1,12.42,15.62,3.1999999999999993
2020-05-24,Hobo-Tmp-2,12.07,16.47,4.399999999999999
2020-05-24,Mean.Temp,12.41,16.04,3.629999999999999
2020-05-25,Hobo-Tmp-1,12.26,15.91,3.6500000000000004
2020-05-25,Hobo-Tmp-2,12.13,16.38,4.249999999999998
2020-05-25,Mean.Temp,12.63,16.13,3.4999999999999982
2020-05-26,Hobo-Tmp-1,12.43,15.03,2.5999999999999996
2020-05-26,Hobo-Tmp-2,12.91,15.73,2.8200000000000003
2020-05-26,Mean.Temp,12.74,15.25,2.51
2020-05-27,Hobo-Tmp-1,12.71,15.24,2.5299999999999994
2020-05-27,Hobo-Tmp-2,13.53,15.66,2.130000000000001
2020-05-27,Mean.Temp,13.37,15.3,1.9300000000000015
2020-05-28,Hobo-Tmp-1,12.81,15.17,2.3599999999999994
2020-05-28,Hobo-Tmp-2,13.27,16.08,2.8099999999999987
2020-05-28,Mean.Temp,13.12,15.45,2.33
2020-05-29,Hobo-Tmp-1,13.69,15.85,2.16
2020-05-29,Hobo-Tmp-2,14.17,15.91,1.7400000000000002
2020-05-29,Mean.Temp,14.01,15.59,1.58
2020-05-30,Hobo-Tmp-1,14.69,16.53,1.8400000000000016
2020-05-30,Hobo-Tmp-2,14.8,17.9,3.099999999999998
2020-05-30,Mean.Temp,15.16,16.98,1.8200000000000003
2020-05-31,Hobo-Tmp-1,13.56,16.22,2.6599999999999984
2020-05-31,Hobo-Tmp-2,13.43,16.58,3.1499999999999986
2020-05-31,Mean.Temp,13.6,16.23,2.630000000000001
2020-06-01,Hobo-Tmp-1,13.52,16.18,2.66
2020-06-01,Hobo-Tmp-2,13.93,16.91,2.9800000000000004
2020-06-01,Mean.Temp,13.86,15.93,2.0700000000000003
2020-06-02,Hobo-Tmp-1,13.63,15.94,2.3099999999999987
2020-06-02,Hobo-Tmp-2,13.63,16.76,3.130000000000001
2020-06-02,Mean.Temp,13.67,15.99,2.3200000000000003
2020-06-03,Hobo-Tmp-1,14.1,15.84,1.7400000000000002
2020-06-03,Hobo-Tmp-2,14.04,16.51,2.4700000000000024
2020-06-03,Mean.Temp,14.44,15.74,1.3000000000000007
2020-06-04,Hobo-Tmp-1,14.12,16.32,2.200000000000001
2020-06-04,Hobo-Tmp-2,14.67,17.65,2.9799999999999986
2020-06-04,Mean.Temp,14.46,16.66,2.1999999999999993
2020-06-05,Hobo-Tmp-1,14.74,16.73,1.9900000000000002
2020-06-05,Hobo-Tmp-2,15.44,16.99,1.549999999999999
2020-06-05,Mean.Temp,15.44,16.82,1.3800000000000008
2020-06-06,Hobo-Tmp-1,13.26,16.04,2.7799999999999994
2020-06-06,Hobo-Tmp-2,13.58,16.17,2.5900000000000016
2020-06-06,Mean.Temp,13.42,15.82,2.4000000000000004
2020-06-07,Hobo-Tmp-1,12.38,16.04,3.6599999999999984
2020-06-07,Hobo-Tmp-2,11.91,16.52,4.609999999999999
2020-06-07,Mean.Temp,12.2,16.1,3.900000000000002
2020-06-08,Hobo-Tmp-1,12.03,15.67,3.6400000000000006
2020-06-08,Hobo-Tmp-2,11.41,16.29,4.879999999999999
2020-06-08,Mean.Temp,11.74,15.92,4.18
2020-06-09,Hobo-Tmp-1,11.93,14.56,2.630000000000001
2020-06-09,Hobo-Tmp-2,11.72,15.33,3.6099999999999994
2020-06-09,Mean.Temp,11.85,14.9,3.0500000000000007
2020-06-10,Hobo-Tmp-1,12.63,17.03,4.4
2020-06-10,Hobo-Tmp-2,12.68,17.03,4.350000000000001
2020-06-10,Mean.Temp,12.66,17,4.34
2020-06-11,Hobo-Tmp-1,12.89,16.76,3.870000000000001
2020-06-11,Hobo-Tmp-2,13.01,17.21,4.200000000000001
2020-06-11,Mean.Temp,12.99,16.78,3.790000000000001
2020-06-12,Hobo-Tmp-1,13.57,17.88,4.309999999999999
2020-06-12,Hobo-Tmp-2,13.62,18.42,4.8000000000000025
2020-06-12,Mean.Temp,13.8,17.93,4.129999999999999
2020-06-13,Hobo-Tmp-1,11.96,14.61,2.6499999999999986
2020-06-13,Hobo-Tmp-2,12.16,15.14,2.9800000000000004
2020-06-13,Mean.Temp,12.13,14.48,2.3499999999999996
2020-06-14,Hobo-Tmp-1,11.46,16.36,4.899999999999999
2020-06-14,Hobo-Tmp-2,11.58,16.02,4.4399999999999995
2020-06-14,Mean.Temp,11.53,16.06,4.529999999999999
2020-06-15,Hobo-Tmp-1,12.26,17.28,5.020000000000001
2020-06-15,Hobo-Tmp-2,12.27,17.72,5.449999999999999
2020-06-15,Mean.Temp,12.61,17.38,4.77
2020-06-16,Hobo-Tmp-1,13.68,18.5,4.82
2020-06-16,Hobo-Tmp-2,13.66,18.09,4.43
2020-06-16,Mean.Temp,13.68,18.06,4.379999999999999
2020-06-17,Hobo-Tmp-1,13.73,16.69,2.960000000000001
2020-06-17,Hobo-Tmp-2,13.65,17.33,3.679999999999998
2020-06-17,Mean.Temp,13.69,16.73,3.040000000000001
2020-06-18,Hobo-Tmp-1,14.69,17.68,2.99
2020-06-18,Hobo-Tmp-2,14.51,17.68,3.17
2020-06-18,Mean.Temp,14.69,17.65,2.959999999999999
2020-06-19,Hobo-Tmp-1,14.67,17.33,2.6599999999999984
2020-06-19,Hobo-Tmp-2,14.65,17.21,2.5600000000000005
2020-06-19,Mean.Temp,14.77,16.98,2.210000000000001
2020-06-20,Hobo-Tmp-1,14.44,16.78,2.3400000000000016
2020-06-20,Hobo-Tmp-2,14.84,17.23,2.3900000000000006
2020-06-20,Mean.Temp,14.74,16.76,2.0200000000000014
2020-06-21,Hobo-Tmp-1,14.04,15.91,1.870000000000001
2020-06-21,Hobo-Tmp-2,14.41,16.16,1.75
2020-06-21,Mean.Temp,14.3,15.77,1.4699999999999989
2020-06-22,Hobo-Tmp-1,14.33,17.82,3.49
2020-06-22,Hobo-Tmp-2,14.71,17.91,3.1999999999999993
2020-06-22,Mean.Temp,14.52,17.81,3.289999999999999
2020-06-23,Hobo-Tmp-1,14.08,17.44,3.360000000000001
2020-06-23,Hobo-Tmp-2,14.33,17.71,3.380000000000001
2020-06-23,Mean.Temp,14.41,17.14,2.7300000000000004
2020-06-24,Hobo-Tmp-1,13.65,17.17,3.5200000000000014
2020-06-24,Hobo-Tmp-2,13.96,17.26,3.3000000000000007
2020-06-24,Mean.Temp,13.98,17.14,3.16
2020-06-25,Hobo-Tmp-1,13.18,16.46,3.280000000000001
2020-06-25,Hobo-Tmp-2,13.43,16.99,3.5599999999999987
2020-06-25,Mean.Temp,13.34,16.5,3.16
2020-06-26,Hobo-Tmp-1,14.14,16.49,2.349999999999998
2020-06-26,Hobo-Tmp-2,14.36,16.51,2.150000000000002
2020-06-26,Mean.Temp,14.29,16.38,2.09
2020-06-27,Hobo-Tmp-1,13.57,15.96,2.3900000000000006
2020-06-27,Hobo-Tmp-2,13.8,16.43,2.629999999999999
2020-06-27,Mean.Temp,13.75,16.17,2.4200000000000017
2020-06-28,Hobo-Tmp-1,13.42,16.21,2.790000000000001
2020-06-28,Hobo-Tmp-2,13.67,16.73,3.0600000000000005
2020-06-28,Mean.Temp,13.57,16.26,2.6900000000000013
2020-06-29,Hobo-Tmp-1,13.53,16.39,2.860000000000001
2020-06-29,Hobo-Tmp-2,13.64,16.97,3.3299999999999983
2020-06-29,Mean.Temp,13.66,16.44,2.780000000000001
2020-06-30,Hobo-Tmp-1,13.33,15.53,2.1999999999999993
2020-06-30,Hobo-Tmp-2,13.07,15.75,2.6799999999999997
2020-06-30,Mean.Temp,13.22,15.19,1.9699999999999989
2020-07-01,Hobo-Tmp-1,13.28,15.69,2.41
2020-07-01,Hobo-Tmp-2,13.52,16.15,2.629999999999999
2020-07-01,Mean.Temp,13.49,15.88,2.3900000000000006
2020-07-02,Hobo-Tmp-1,13.63,16.21,2.58
2020-07-02,Hobo-Tmp-2,13.81,16.73,2.92
2020-07-02,Mean.Temp,13.77,16.46,2.6900000000000013
2020-07-03,Hobo-Tmp-1,13.76,15.59,1.83
2020-07-03,Hobo-Tmp-2,13.53,16.51,2.980000000000002
2020-07-03,Mean.Temp,13.66,16.02,2.3599999999999994
2020-07-04,Hobo-Tmp-1,13.88,16.61,2.7299999999999986
2020-07-04,Hobo-Tmp-2,13.73,17.42,3.6900000000000013
2020-07-04,Mean.Temp,13.89,16.73,2.84
2020-07-05,Hobo-Tmp-1,14.17,16.81,2.639999999999999
2020-07-05,Hobo-Tmp-2,14.07,17.79,3.719999999999999
2020-07-05,Mean.Temp,14.18,17.12,2.9400000000000013
2020-07-06,Hobo-Tmp-1,14.87,17.89,3.0200000000000014
2020-07-06,Hobo-Tmp-2,14.63,18.73,4.1
2020-07-06,Mean.Temp,14.85,17.95,3.0999999999999996
2020-07-07,Hobo-Tmp-1,15.07,18.01,2.9400000000000013
2020-07-07,Hobo-Tmp-2,15,18.82,3.8200000000000003
2020-07-07,Mean.Temp,15.26,18.16,2.9000000000000004
2020-07-08,Hobo-Tmp-1,14.35,17.98,3.630000000000001
2020-07-08,Hobo-Tmp-2,14.52,18.48,3.960000000000001
2020-07-08,Mean.Temp,14.61,18.19,3.580000000000002
2020-07-09,Hobo-Tmp-1,14.58,17.58,2.9999999999999982
2020-07-09,Hobo-Tmp-2,14.65,17.2,2.549999999999999
2020-07-09,Mean.Temp,14.65,16.88,2.2299999999999986
2020-07-10,Hobo-Tmp-1,14.12,17.98,3.860000000000001
2020-07-10,Hobo-Tmp-2,14.25,18.06,3.8099999999999987
2020-07-10,Mean.Temp,14.29,17.87,3.580000000000002
2020-07-11,Hobo-Tmp-1,14.09,17.9,3.8099999999999987
2020-07-11,Hobo-Tmp-2,14.32,18.32,4
2020-07-11,Mean.Temp,14.31,17.82,3.51
2020-07-12,Hobo-Tmp-1,13.84,18.33,4.489999999999998
2020-07-12,Hobo-Tmp-2,13.98,18.58,4.599999999999998
2020-07-12,Mean.Temp,13.96,17.76,3.8000000000000007
2020-07-13,Hobo-Tmp-1,14.25,17.5,3.25
2020-07-13,Hobo-Tmp-2,14.38,18.19,3.8100000000000005
2020-07-13,Mean.Temp,14.43,17.54,3.1099999999999994
2020-07-14,Hobo-Tmp-1,14.14,17.83,3.6899999999999977
2020-07-14,Hobo-Tmp-2,14.56,17.44,2.880000000000001
2020-07-14,Mean.Temp,14.69,17.09,2.4000000000000004
2020-07-15,Hobo-Tmp-1,13.42,17.01,3.5900000000000016
2020-07-15,Hobo-Tmp-2,13.5,17.65,4.149999999999999
2020-07-15,Mean.Temp,13.89,16.93,3.039999999999999
2020-07-16,Hobo-Tmp-1,13.57,17.59,4.02
2020-07-16,Hobo-Tmp-2,13.46,17.57,4.109999999999999
2020-07-16,Mean.Temp,13.87,17.51,3.6400000000000023
2020-07-17,Hobo-Tmp-1,14.61,16.45,1.8399999999999999
2020-07-17,Hobo-Tmp-2,14.76,17.52,2.76
2020-07-17,Mean.Temp,14.92,16.86,1.9399999999999995
2020-07-18,Hobo-Tmp-1,15.71,17.31,1.5999999999999979
2020-07-18,Hobo-Tmp-2,15.44,17.58,2.139999999999999
2020-07-18,Mean.Temp,15.74,17.39,1.6500000000000004
2020-07-19,Hobo-Tmp-1,14.71,18.01,3.3000000000000007
2020-07-19,Hobo-Tmp-2,15.14,18.2,3.0599999999999987
2020-07-19,Mean.Temp,15.25,18.1,2.8500000000000014
2020-07-20,Hobo-Tmp-1,13.94,17.41,3.4700000000000006
2020-07-20,Hobo-Tmp-2,14.73,17.88,3.1499999999999986
2020-07-20,Mean.Temp,14.92,17.35,2.4300000000000015
2020-07-21,Hobo-Tmp-1,14.12,17.56,3.4399999999999995
2020-07-21,Hobo-Tmp-2,14.36,17.74,3.379999999999999
2020-07-21,Mean.Temp,14.68,17.43,2.75
2020-07-22,Hobo-Tmp-1,12.42,17.32,4.9
2020-07-22,Hobo-Tmp-2,12.59,17.59,5
2020-07-22,Mean.Temp,12.6,17.19,4.590000000000002
2020-07-23,Hobo-Tmp-1,12.5,16.56,4.059999999999999
2020-07-23,Hobo-Tmp-2,12.6,16.63,4.029999999999999
2020-07-23,Mean.Temp,12.61,16.52,3.91
2020-07-24,Hobo-Tmp-1,11.96,15.71,3.75
2020-07-24,Hobo-Tmp-2,12.32,16.32,4
2020-07-24,Mean.Temp,12.21,15.81,3.5999999999999996
2020-07-25,Hobo-Tmp-1,12.08,16.06,3.9799999999999986
2020-07-25,Hobo-Tmp-2,12.22,16.53,4.3100000000000005
2020-07-25,Mean.Temp,12.19,16.14,3.950000000000001
2020-07-26,Hobo-Tmp-1,12.66,16.97,4.309999999999999
2020-07-26,Hobo-Tmp-2,12.78,17.35,4.570000000000002
2020-07-26,Mean.Temp,12.75,17.08,4.329999999999998
2020-07-27,Hobo-Tmp-1,12.16,16.06,3.8999999999999986
2020-07-27,Hobo-Tmp-2,12.28,16.36,4.08
2020-07-27,Mean.Temp,12.32,16.09,3.7699999999999996
2020-07-28,Hobo-Tmp-1,12.9,15.96,3.0600000000000005
2020-07-28,Hobo-Tmp-2,12.99,16.54,3.549999999999999
2020-07-28,Mean.Temp,13,16.06,3.0599999999999987
2020-07-29,Hobo-Tmp-1,12.96,16.15,3.1899999999999977
2020-07-29,Hobo-Tmp-2,13.03,16.62,3.5900000000000016
2020-07-29,Mean.Temp,13.17,16.38,3.209999999999999
2020-07-30,Hobo-Tmp-1,12.84,16.16,3.3200000000000003
2020-07-30,Hobo-Tmp-2,13.08,16.72,3.639999999999999
2020-07-30,Mean.Temp,13.27,16.42,3.150000000000002
2020-07-31,Hobo-Tmp-1,13.28,15.72,2.4400000000000013
2020-07-31,Hobo-Tmp-2,13.06,16.36,3.299999999999999
2020-07-31,Mean.Temp,13.26,16.04,2.7799999999999994
